Name,Heptamers
Saccharomyces cerevisiae S288C,"[CCTAGGC, 10], [CCTAGTT, 10], [CCTTGAC, 10], [CCCAGGC, 10], [CCCAGTT, 10], [CCCTGAC,10], [CCGAGGC, 10], [CCGAGTT, 10], [CCGTGAC, 10]"
Hanseniaspora valbyensis,"[CCTAGGC, 10], [CCTAGTT, 10], [CCTTGAC, 10], [CCCAGGC, 10], [CCCAGTT, 10], [CCCTGAC,10], [CCGAGGC, 10], [CCGAGTT, 10], [CCGTGAC, 10]"
Cyberlindnera jadinii NRRL Y-1542,"[CCTAGGC, 10], [CCTAGTT, 10], [CCTTGAC, 10], [CCCAGGC, 10], [CCCAGTT, 10], [CCCTGAC,10], [CCGAGGC, 10], [CCGAGTT, 10], [CCGTGAC, 10]"
Wickerhamomyces anomalus NRRL Y-366-8,"[CCTAGGC, 10], [CCTAGTT, 10], [CCTTGAC, 10], [CCCAGGC, 10], [CCCAGTT, 10], [CCCTGAC,10], [CCGAGGC, 10], [CCGAGTT, 10], [CCGTGAC, 10]"
Wickerhamomyces mucosus,"[CCTAGGC, 10], [CCTAGTT, 10], [CCTTGAC, 10], [CCCAGGC, 10], [CCCAGTT, 10], [CCCTGAC,10], [CCGAGGC, 10], [CCGAGTT, 10], [CCGTGAC, 10]"
Wickerhamomyces pijperi,"[CCTAGGC, 10], [CCTAGTT, 10], [CCTTGAC, 10], [CCCAGGC, 10], [CCCAGTT, 10], [CCCTGAC,10], [CCGAGGC, 10], [CCGAGTT, 10], [CCGTGAC, 10]"
Wickerhamomyces ciferrii,"[CCTAGGC, 10], [CCTAGTT, 10], [CCTTGAC, 10], [CCCAGGC, 10], [CCCAGTT, 10], [CCCTGAC,10], [CCGAGGC, 10], [CCGAGTT, 10], [CCGTGAC, 10]"
Ascoidea rubescens DSM 1968,"[CCTAGGC, 10], [CCTAGTT, 10], [CCTTGAC, 10], [CCCAGGC, 10], [CCCAGTT, 10], [CCCTGAC,10], [CCGAGGC, 10], [CCGAGTT, 10], [CCGTGAC, 10]"
Pichia kudriavzevii,"[CCTAGGC, 10], [CCTAGTT, 10], [CCTTGAC, 10], [CCCAGGC, 10], [CCCAGTT, 10], [CCCTGAC,10], [CCGAGGC, 10], [CCGAGTT, 10], [CCGTGAC, 10]"
Ogataea parapolymorpha,"[CCTAGGC, 10], [CCTAGTT, 10], [CCTTGAC, 10], [CCCAGGC, 10], [CCCAGTT, 10], [CCCTGAC,10], [CCGAGGC, 10], [CCGAGTT, 10], [CCGTGAC, 10]"
Ogataea philodendri,"[CCTAGGC, 10], [CCTAGTT, 10], [CCTTGAC, 10], [CCCAGGC, 10], [CCCAGTT, 10], [CCCTGAC,10], [CCGAGGC, 10], [CCGAGTT, 10], [CCGTGAC, 10]"
Ogataea thermophila,"[CCTAGGC, 10], [CCTAGTT, 10], [CCTTGAC, 10], [CCCAGGC, 10], [CCCAGTT, 10], [CCCTGAC,10], [CCGAGGC, 10], [CCGAGTT, 10], [CCGTGAC, 10]"
Pachysolen tannophilus,"[CCTAGGC, 10], [CCTAGTT, 10], [CCTTGAC, 10], [CCCAGGC, 10], [CCCAGTT, 10], [CCCTGAC,10], [CCGAGGC, 10], [CCGAGTT, 10], [CCGTGAC, 10]"